{
  "tdln_spec_version": "2.0.0",
  "node_type": "semantic_unit",
  "id": "su_c3d4e5f6-a7b8-9c0d-1e2f-3a4b5c6d7e8f",
  "hash": "blake3_7f8e9d0c1b2a3f4e5d6c7b8a9f0e1d2c3b4a5f6e7d8c9b0a1f2e3d4c5b6a7f8e",
  
  "policies": [
    {
      "node_type": "policy_bit",
      "id": "pb_user_authenticated",
      "hash": "blake3_a1b2c3d4e5f6a7b8c9d0e1f2a3b4c5d6e7f8a9b0c1d2e3f4a5b6c7d8e9f0a1b2",
      "condition": {
        "type": "binary",
        "operator": "EQ",
        "left": {
          "type": "context_ref",
          "path": ["authentication", "status"]
        },
        "right": {
          "type": "literal",
          "value": "verified"
        }
      }
    },
    
    {
      "node_type": "policy_bit",
      "id": "pb_premium_tier",
      "hash": "blake3_b2c3d4e5f6a7b8c9d0e1f2a3b4c5d6e7f8a9b0c1d2e3f4a5b6c7d8e9f0a1b2c3",
      "condition": {
        "type": "binary",
        "operator": "EQ",
        "left": {
          "type": "context_ref",
          "path": ["user", "subscription_tier"]
        },
        "right": {
          "type": "literal",
          "value": "premium"
        }
      }
    },
    
    {
      "node_type": "policy_bit",
      "id": "pb_quota_available",
      "hash": "blake3_c3d4e5f6a7b8c9d0e1f2a3b4c5d6e7f8a9b0c1d2e3f4a5b6c7d8e9f0a1b2c3d4",
      "condition": {
        "type": "binary",
        "operator": "LT",
        "left": {
          "type": "context_ref",
          "path": ["user", "downloads_today"]
        },
        "right": {
          "type": "literal",
          "value": 1000
        }
      }
    },
    
    {
      "node_type": "policy_composition",
      "id": "pc_premium_download_access",
      "hash": "blake3_d4e5f6a7b8c9d0e1f2a3b4c5d6e7f8a9b0c1d2e3f4a5b6c7d8e9f0a1b2c3d4e5",
      "policies": [
        "pb_user_authenticated",
        "pb_premium_tier",
        "pb_quota_available"
      ],
      "aggregator": {
        "type": "ALL"
      }
    }
  ],
  
  "proof": {
    "proof_type": "translation",
    "translation_steps": [
      {
        "stage": "parse",
        "input_hash": "blake3_e5f6a7b8c9d0e1f2a3b4c5d6e7f8a9b0c1d2e3f4a5b6c7d8e9f0a1b2c3d4e5f6",
        "output_hash": "blake3_f6a7b8c9d0e1f2a3b4c5d6e7f8a9b0c1d2e3f4a5b6c7d8e9f0a1b2c3d4e5f6a7",
        "duration_ms": 1.2,
        "engine": "tdln_parser_v2.0",
        "metadata": {
          "grammar_version": "generic.in.v1",
          "input_format": "YAML",
          "complexity_score": 0.65
        }
      },
      
      {
        "stage": "assist",
        "input_hash": "blake3_f6a7b8c9d0e1f2a3b4c5d6e7f8a9b0c1d2e3f4a5b6c7d8e9f0a1b2c3d4e5f6a7",
        "output_hash": "blake3_a7b8c9d0e1f2a3b4c5d6e7f8a9b0c1d2e3f4a5b6c7d8e9f0a1b2c3d4e5f6a7b8",
        "duration_ms": 0.3,
        "engine": "tdln_assist_v2.0",
        "metadata": {
          "suggestions_applied": 2,
          "auto_corrections": 0
        }
      },
      
      {
        "stage": "resolve",
        "input_hash": "blake3_a7b8c9d0e1f2a3b4c5d6e7f8a9b0c1d2e3f4a5b6c7d8e9f0a1b2c3d4e5f6a7b8",
        "output_hash": "blake3_b8c9d0e1f2a3b4c5d6e7f8a9b0c1d2e3f4a5b6c7d8e9f0a1b2c3d4e5f6a7b8c9",
        "duration_ms": 0.5,
        "engine": "tdln_resolver_v2.0",
        "metadata": {
          "context_refs_resolved": 6,
          "external_schemas": 1
        }
      },
      
      {
        "stage": "policy",
        "input_hash": "blake3_b8c9d0e1f2a3b4c5d6e7f8a9b0c1d2e3f4a5b6c7d8e9f0a1b2c3d4e5f6a7b8c9",
        "output_hash": "blake3_c9d0e1f2a3b4c5d6e7f8a9b0c1d2e3f4a5b6c7d8e9f0a1b2c3d4e5f6a7b8c9d0",
        "duration_ms": 0.8,
        "engine": "tdln_policy_engine_v2.0",
        "metadata": {
          "policy_type": "policy.none.v1",
          "transformations_applied": 3,
          "semantic_preserving": true
        }
      },
      
      {
        "stage": "render",
        "input_hash": "blake3_c9d0e1f2a3b4c5d6e7f8a9b0c1d2e3f4a5b6c7d8e9f0a1b2c3d4e5f6a7b8c9d0",
        "output_hash": "blake3_7f8e9d0c1b2a3f4e5d6c7b8a9f0e1d2c3b4a5f6e7d8c9b0a1f2e3d4c5b6a7f8e",
        "duration_ms": 0.4,
        "engine": "tdln_renderer_v2.0",
        "metadata": {
          "output_format": "SemanticUnit",
          "optimizations_applied": ["constant_folding", "dead_code_elimination"]
        }
      }
    ],
    
    "source_hash": "blake3_e5f6a7b8c9d0e1f2a3b4c5d6e7f8a9b0c1d2e3f4a5b6c7d8e9f0a1b2c3d4e5f6",
    "target_hash": "blake3_7f8e9d0c1b2a3f4e5d6c7b8a9f0e1d2c3b4a5f6e7d8c9b0a1f2e3d4c5b6a7f8e",
    
    "provenance": {
      "created_by": "tdln_cli_v2.0",
      "created_at": "2025-01-15T14:30:45.123Z",
      "operator_id": "user_alice_doe",
      "organization": "LogLine Foundation",
      "environment": "production",
      "total_duration_ms": 3.2
    },
    
    "signature": "ed25519_a1b2c3d4e5f6a7b8c9d0e1f2a3b4c5d6e7f8a9b0c1d2e3f4a5b6c7d8e9f0a1b2c3d4e5f6a7b8c9d0e1f2a3b4c5d6e7f8a9b0c1d2e3f4a5b6c7d8e9f0a1b2c3d4e5f6a7b8c9d0e1f2a3b4c5d6e7f8a9b0c1d2e3f4a5b6c7d8e9f0a1b2"
  },
  
  "materialization": {
    "data_integrity": {
      "checksum_type": "crc32",
      "enable_ecc": true
    },
    "backend_specific": {
      "verilog": {
        "data_width": 32,
        "fractional_bits": 16,
        "target_frequency_mhz": 1000,
        "pipeline_depth": 8,
        "memory_type": "block_ram"
      },
      "metal": {
        "threadgroup_size": [16, 16],
        "shared_memory_kb": 32,
        "simd_group_size": 32
      },
      "cuda": {
        "block_size": [16, 16],
        "shared_memory_bytes": 49152,
        "registers_per_thread": 32
      }
    }
  }
}
