{
  "_example": "EXAMPLE ONLY — modelo ilustrativo. NÃO é arquivo canônico. Adapte antes de usar.",
  "kind": "pack.manifest",
  "scope": {
    "session": "SESSION-EXAMPLE-123"
  },
  "policy": {
    "mode": "deny_by_default",
    "allow": [
      "payments.stripe@1.0.0"
    ],
    "block": []
  },
  "packs": [
    {
      "id": "payments.stripe",
      "version": "1.0.0",
      "hash": "b3_deadbeefdeadbeefdeadbeefdeadbeefdeadbeefdeadbeefdeadbeefdeadbeef",
      "signature": "ed25519:EXAMPLE_SIGNATURE"
    }
  ]
}