{
  "tdln_spec_version": "2.0.0",
  "node_type": "semantic_unit",
  "id": "su_jetson_nano_inference",
  "name": "jetson_nano_neural_network",
  "description": "Optimized neural network inference for NVIDIA Jetson Nano",
  "policies": [
    {
      "node_type": "policy_bit",
      "id": "pb_mobilenet_inference",
      "name": "mobilenet_v2_inference",
      "description": "MobileNetV2 inference optimized for low-power devices",
      "condition": {
        "type": "semantic_op",
        "operation": "NeuralNetworkLayer",
        "architecture": "mobilenet_v2",
        "quantization": "int8"
      },
      "fallback": false
    }
  ],
  "materialization_hints": {
    "backend": "cuda",
    "optimization_level": 2,
    "target_device": "jetson-nano",
    "use_tensorrt": true,
    "precision": "int8",
    "max_workspace_size_mb": 256,
    "dla_core": 0
  },
  "inputs": [
    {
      "name": "input_image",
      "type": "tensor",
      "shape": [1, 224, 224, 3],
      "dtype": "uint8",
      "preprocessing": "normalize_0_1"
    }
  ],
  "outputs": [
    {
      "name": "class_probabilities",
      "description": "1000-class ImageNet probabilities",
      "shape": [1, 1000],
      "dtype": "float32"
    }
  ],
  "metadata": {
    "expected_fps": 30,
    "power_budget_watts": 5,
    "target_latency_ms": 33,
    "use_case": "Edge AI on $99 hardware"
  }
}
