{
  "tdln_spec_version": "2.0.0",
  "node_type": "semantic_unit",
  "id": "su_matmul_001",
  "name": "matrix_multiplication_512",
  "description": "Matrix multiplication for GPU compilation benchmark",
  "policies": [
    {
      "node_type": "policy_bit",
      "id": "pb_matmul_001",
      "name": "compute_matmul",
      "description": "Compute C = A * B for 512x512 matrices",
      "condition": {
        "type": "binary",
        "operator": "GT",
        "left": {
          "type": "context_ref",
          "path": ["matrix", "size"]
        },
        "right": {
          "type": "literal",
          "value": 0
        }
      },
      "fallback": false,
      "materialization_hints": {
        "backend": "gpu",
        "optimization_level": 2,
        "kernel_type": "compute_bound"
      }
    }
  ],
  "inputs": [
    {
      "name": "matrix_a",
      "type": "tensor",
      "required": true
    },
    {
      "name": "matrix_b",
      "type": "tensor",
      "required": true
    }
  ],
  "outputs": [
    {
      "name": "matrix_c",
      "description": "Result of A * B",
      "source_policy": "pb_matmul_001"
    }
  ]
}
