{
  "$schema": "http://json-schema.org/draft-07/schema#",
  "$id": "https://tdln.org/schemas/v2.0/tdln-core.json",
  "title": "TDLN Core v2.0 - Semantic ISA",
  "description": "TDLN (Truth-Determining Language Normalizer) Core is THE canonical intermediate representation for semantic intention. A .tdln file IS a SemanticUnit - the atomic unit of the TDLN protocol. This maintains the fractal: SemanticUnit → PolicyBit → Expression → recursively.",
  
  "type": "object",
  "required": ["tdln_spec_version", "node_type", "id", "hash"],
  
  "properties": {
    "tdln_spec_version": {
      "type": "string",
      "pattern": "^[0-9]+\\.[0-9]+\\.[0-9]+$",
      "description": "TDLN Core specification version (semver)",
      "examples": ["2.0.0"]
    },
    
    "node_type": {
      "type": "string",
      "const": "semantic_unit",
      "description": "Root TDLN node is ALWAYS a SemanticUnit"
    },
    
    "id": {
      "type": "string",
      "pattern": "^su_[a-f0-9-]+$",
      "description": "Unique identifier with 'su_' prefix + UUID v4"
    },
    
    "hash": {
      "type": "string",
      "pattern": "^[a-f0-9]{64}$",
      "description": "Canonical Blake3 hash of this SemanticUnit (computed deterministically)"
    },
    
    "version": {
      "type": "string",
      "pattern": "^[0-9]+\\.[0-9]+\\.[0-9]+-[a-z]+$",
      "description": "Version of this artifact (semver-type)",
      "examples": ["1.0.0-core", "1.1.0-policybit"]
    },
    
    "name": {
      "type": "string",
      "minLength": 1,
      "description": "Name of this semantic unit (snake_case recommended)"
    },
    
    "description": {
      "type": "string",
      "description": "Human-readable description of what this unit does"
    },
    
    "parameters": {
      "type": "array",
      "description": "Input parameters for this semantic unit",
      "items": {
        "$ref": "#/definitions/Parameter"
      }
    },
    
    "policies": {
      "type": "array",
      "description": "Policy bits and compositions that define this unit's logic",
      "items": {
        "oneOf": [
          {"$ref": "#/definitions/PolicyBit"},
          {"$ref": "#/definitions/PolicyComposition"}
        ]
      }
    },
    
    "inputs": {
      "type": "array",
      "description": "Input parameters (alias for parameters, for compatibility)",
      "items": {
        "$ref": "#/definitions/Parameter"
      }
    },
    
    "outputs": {
      "type": "array",
      "description": "Output definitions",
      "items": {
        "$ref": "#/definitions/OutputDefinition"
      }
    },
    
    "proof": {
      "$ref": "#/definitions/TranslationProof",
      "description": "Cryptographic proof of how this unit was derived (optional but recommended)"
    },
    
    "materialization": {
      "$ref": "#/definitions/MaterializationHints",
      "description": "Hints for backend compilation (Metal, CUDA, Verilog)"
    }
  },
  
  "definitions": {
    "Parameter": {
      "type": "object",
      "required": ["name", "type"],
      "properties": {
        "name": {
          "type": "string",
          "pattern": "^[a-z][a-z0-9_]*$",
          "description": "Parameter name (snake_case)"
        },
        "type": {
          "type": "string",
          "enum": ["string", "number", "boolean", "context", "any"],
          "description": "Parameter type"
        },
        "required": {
          "type": "boolean",
          "default": true
        },
        "default": {
          "description": "Default value if not provided"
        }
      }
    },
    
    "PolicyBit": {
      "type": "object",
      "description": "Atomic policy decision - the transistor of semantic computation",
      "required": ["node_type", "id", "name"],
      "properties": {
        "node_type": {
          "type": "string",
          "const": "policy_bit"
        },
        "id": {
          "type": "string",
          "pattern": "^pb_[a-f0-9-]+$",
          "description": "PolicyBit ID with 'pb_' prefix"
        },
        "hash": {
          "type": "string",
          "pattern": "^[a-f0-9]{64}$",
          "description": "Hash of this policy bit"
        },
        "version": {
          "type": "string",
          "pattern": "^[0-9]+\\.[0-9]+\\.[0-9]+-policybit$"
        },
        "name": {
          "type": "string",
          "description": "Name of this policy (e.g., 'is_premium_user')"
        },
        "description": {
          "type": "string",
          "description": "What this policy checks"
        },
        "parameters": {
          "type": "array",
          "items": {"$ref": "#/definitions/Parameter"}
        },
        "condition": {
          "$ref": "#/definitions/Expression",
          "description": "The condition to evaluate (returns boolean)"
        },
        "fallback": {
          "type": "boolean",
          "default": false,
          "description": "Default decision if evaluation fails"
        }
      }
    },
    
    "PolicyComposition": {
      "type": "object",
      "description": "Composition of multiple policies (AND, OR, SEQUENTIAL, etc.)",
      "required": ["node_type", "id", "composition_type", "policies"],
      "properties": {
        "node_type": {
          "type": "string",
          "const": "policy_composition"
        },
        "id": {
          "type": "string",
          "pattern": "^pc_[a-f0-9-]+$",
          "description": "PolicyComposition ID with 'pc_' prefix"
        },
        "hash": {
          "type": "string",
          "pattern": "^[a-f0-9]{64}$"
        },
        "version": {
          "type": "string"
        },
        "name": {
          "type": "string"
        },
        "description": {
          "type": "string"
        },
        "composition_type": {
          "type": "string",
          "enum": ["SEQUENTIAL", "PARALLEL", "CONDITIONAL"],
          "description": "How policies are combined"
        },
        "policies": {
          "type": "array",
          "items": {
            "type": "string",
            "description": "References to policy IDs"
          },
          "description": "List of policy IDs to compose"
        },
        "aggregator": {
          "$ref": "#/definitions/Aggregator",
          "description": "For PARALLEL: how to combine results (ALL=AND, ANY=OR, etc.)"
        }
      }
    },
    
    "Aggregator": {
      "type": "object",
      "required": ["type"],
      "properties": {
        "type": {
          "type": "string",
          "enum": ["ALL", "ANY", "MAJORITY", "WEIGHTED"]
        },
        "weights": {
          "type": "array",
          "items": {"type": "number"},
          "description": "For WEIGHTED: weight of each policy"
        },
        "threshold": {
          "type": "number",
          "description": "For WEIGHTED: minimum weighted sum to pass"
        }
      }
    },
    
    "Expression": {
      "description": "TDLN Expression - the AST of conditions. This is the FRACTAL CORE.",
      "oneOf": [
        {"$ref": "#/definitions/BinaryExpression"},
        {"$ref": "#/definitions/UnaryExpression"},
        {"$ref": "#/definitions/FunctionCall"},
        {"$ref": "#/definitions/ContextReference"},
        {"$ref": "#/definitions/Literal"},
        {"$ref": "#/definitions/Conditional"}
      ]
    },
    
    "BinaryExpression": {
      "type": "object",
      "required": ["type", "operator", "left", "right"],
      "properties": {
        "type": {
          "type": "string",
          "const": "binary"
        },
        "operator": {
          "type": "string",
          "enum": ["AND", "OR", "EQ", "NEQ", "GT", "LT", "GTE", "LTE", "IN"]
        },
        "left": {
          "$ref": "#/definitions/Expression"
        },
        "right": {
          "$ref": "#/definitions/Expression"
        }
      }
    },
    
    "UnaryExpression": {
      "type": "object",
      "required": ["type", "operator", "argument"],
      "properties": {
        "type": {
          "type": "string",
          "const": "unary"
        },
        "operator": {
          "type": "string",
          "enum": ["NOT", "EXISTS"]
        },
        "argument": {
          "$ref": "#/definitions/Expression"
        }
      }
    },
    
    "FunctionCall": {
      "type": "object",
      "required": ["type", "function", "arguments"],
      "properties": {
        "type": {
          "type": "string",
          "const": "function_call"
        },
        "function": {
          "type": "string",
          "description": "Built-in or user-defined function name"
        },
        "arguments": {
          "type": "array",
          "items": {
            "$ref": "#/definitions/Expression"
          }
        }
      }
    },
    
    "ContextReference": {
      "type": "object",
      "required": ["type", "path"],
      "properties": {
        "type": {
          "type": "string",
          "const": "context_ref"
        },
        "path": {
          "type": "array",
          "items": {"type": "string"},
          "description": "Path to value in context, e.g., ['user', 'account_type']"
        },
        "fallback": {
          "description": "Value to return if path not found"
        }
      }
    },
    
    "Literal": {
      "type": "object",
      "required": ["type", "value"],
      "properties": {
        "type": {
          "type": "string",
          "const": "literal"
        },
        "value": {
          "description": "Literal value (string, number, boolean, null)"
        }
      }
    },
    
    "Conditional": {
      "type": "object",
      "required": ["type", "test", "consequent", "alternate"],
      "properties": {
        "type": {
          "type": "string",
          "const": "conditional"
        },
        "test": {
          "$ref": "#/definitions/Expression"
        },
        "consequent": {
          "$ref": "#/definitions/Expression"
        },
        "alternate": {
          "$ref": "#/definitions/Expression"
        }
      }
    },
    
    "OutputDefinition": {
      "type": "object",
      "required": ["name", "source_policy"],
      "properties": {
        "name": {
          "type": "string",
          "description": "Output name"
        },
        "description": {
          "type": "string"
        },
        "source_policy": {
          "type": "string",
          "description": "ID of the policy that produces this output"
        }
      }
    },
    
    "TranslationProof": {
      "type": "object",
      "description": "Cryptographic proof of how this TDLN was derived from source",
      "required": ["proof_type", "source_text", "source_hash", "target_core_hash"],
      "properties": {
        "proof_type": {
          "type": "string",
          "const": "translation"
        },
        "source_text": {
          "type": "string",
          "description": "Original natural language or DSL input"
        },
        "source_hash": {
          "type": "string",
          "pattern": "^[a-f0-9]{64}$",
          "description": "Blake3 hash of source_text"
        },
        "target_core_hash": {
          "type": "string",
          "pattern": "^[a-f0-9]{64}$",
          "description": "Hash of resulting SemanticUnit (should match root 'hash')"
        },
        "translation_steps": {
          "type": "array",
          "items": {
            "$ref": "#/definitions/TranslationStep"
          },
          "description": "Step-by-step transformation record"
        },
        "canonicalization_config": {
          "type": "object",
          "description": "Configuration used for canonicalization"
        },
        "timestamp": {
          "type": "string",
          "format": "date-time"
        },
        "signature": {
          "type": "string",
          "description": "Optional Ed25519 signature"
        }
      }
    },
    
    "TranslationStep": {
      "type": "object",
      "required": ["sequence", "transformation", "input_hash", "output_hash", "rule_applied"],
      "properties": {
        "sequence": {
          "type": "integer",
          "minimum": 1
        },
        "transformation": {
          "type": "string",
          "description": "Name of transformation applied"
        },
        "input_hash": {
          "type": "string",
          "pattern": "^[a-f0-9]{64}$"
        },
        "output_hash": {
          "type": "string",
          "pattern": "^[a-f0-9]{64}$"
        },
        "rule_applied": {
          "type": "string",
          "description": "Which canonicalization/transformation rule was used"
        },
        "details": {
          "type": "object",
          "description": "Additional transformation metadata"
        }
      }
    },
    
    "MaterializationHints": {
      "type": "object",
      "description": "Hints for backend compilers (TDLN Chip). This is NOT part of core TDLN but useful for performance.",
      "properties": {
        "target": {
          "type": "string",
          "enum": ["metal", "cuda", "verilog", "cpu"],
          "description": "Preferred compilation target"
        },
        "optimization_level": {
          "type": "integer",
          "minimum": 0,
          "maximum": 3,
          "default": 2
        },
        "semantic_ops": {
          "type": "array",
          "items": {
            "$ref": "#/definitions/SemanticOp"
          },
          "description": "If policies map to known ops (MatMul, Conv2D, etc.)"
        },
        "performance_hints": {
          "type": "object",
          "properties": {
            "estimated_gflops": {"type": "number"},
            "estimated_latency_ms": {"type": "number"},
            "memory_footprint_mb": {"type": "number"}
          }
        },
        "integrity": {
          "type": "object",
          "properties": {
            "enabled": {
              "type": "boolean",
              "default": true,
              "description": "Enable CRC32 hardware integrity checks (~20ns)"
            },
            "checksum_algorithm": {
              "type": "string",
              "enum": ["crc32", "sha256"],
              "default": "crc32"
            }
          }
        }
      }
    },
    
    "SemanticOp": {
      "type": "object",
      "description": "Hint that a policy maps to a known hardware operation",
      "required": ["type"],
      "properties": {
        "type": {
          "type": "string",
          "enum": [
            "MatMul", "Convolution2D", "Convolution3D",
            "MaxPool2D", "AvgPool2D",
            "BatchNorm", "LayerNorm",
            "ReLU", "Softmax",
            "PolicyEval", "Custom"
          ]
        },
        "params": {
          "type": "object",
          "description": "Operation-specific parameters"
        }
      }
    }
  }
}
