{
  "$schema": "http://json-schema.org/draft-07/schema#",
  "$id": "https://tdln.org/schemas/chip-extensions-v1.0.json",
  "title": "TDLN Chip Extensions",
  "description": "Metadados específicos de compilação de hardware - COMPLEMENTAM (não substituem) o formato TDLN core",
  "type": "object",
  "properties": {
    "compilation": {
      "type": "object",
      "description": "Metadados de compilação para hardware",
      "properties": {
        "backend": {
          "type": "string",
          "enum": ["metal", "cuda", "verilog"],
          "description": "Backend de compilação de hardware"
        },
        "target": {
          "type": "string",
          "description": "Alvo específico (ex: 'apple-m4-pro', 'rtx-4090', 'xilinx-zynq')"
        },
        "optimization_level": {
          "type": "integer",
          "minimum": 0,
          "maximum": 3,
          "default": 2,
          "description": "Nível de otimização (0=none, 3=max)"
        },
        "parallel_units": {
          "type": "integer",
          "minimum": 1,
          "description": "Número de unidades de execução paralelas"
        }
      },
      "required": ["backend"]
    },
    "hardware_config": {
      "type": "object",
      "description": "Configuração específica de hardware",
      "properties": {
        "gpu_model": {
          "type": "string",
          "description": "Modelo da GPU (ex: 'M4 Pro', 'RTX 4090')"
        },
        "fpga_family": {
          "type": "string",
          "description": "Família de FPGA (ex: 'Xilinx Zynq', 'Intel Stratix')"
        },
        "memory_budget_mb": {
          "type": "integer",
          "minimum": 1,
          "description": "Orçamento de memória em MB"
        },
        "clock_mhz": {
          "type": "number",
          "minimum": 0,
          "description": "Clock do hardware em MHz"
        }
      }
    },
    "profiling": {
      "type": "object",
      "description": "Dados de profiling de execução",
      "properties": {
        "compilation_time_ms": {
          "type": "number",
          "minimum": 0,
          "description": "Tempo de compilação em milissegundos"
        },
        "execution_time_us": {
          "type": "number",
          "minimum": 0,
          "description": "Tempo de execução em microssegundos"
        },
        "throughput_ops_per_sec": {
          "type": "number",
          "minimum": 0,
          "description": "Throughput em operações por segundo"
        },
        "memory_used_mb": {
          "type": "number",
          "minimum": 0,
          "description": "Memória utilizada em MB"
        }
      }
    },
    "tdln_core_version": {
      "type": "string",
      "pattern": "^\\d+\\.\\d+\\.\\d+$",
      "description": "Versão do TDLN core usado (ex: '2.0.0')"
    }
  },
  "required": ["tdln_core_version"],
  "additionalProperties": false,
  "examples": [
    {
      "tdln_core_version": "2.0.0",
      "compilation": {
        "backend": "metal",
        "target": "apple-m4-pro",
        "optimization_level": 3,
        "parallel_units": 16
      },
      "hardware_config": {
        "gpu_model": "M4 Pro",
        "memory_budget_mb": 4096,
        "clock_mhz": 1400
      },
      "profiling": {
        "compilation_time_ms": 10.5,
        "execution_time_us": 470,
        "throughput_ops_per_sec": 2100000000,
        "memory_used_mb": 512
      }
    },
    {
      "tdln_core_version": "2.0.0",
      "compilation": {
        "backend": "verilog",
        "target": "xilinx-zynq-7000",
        "optimization_level": 3
      },
      "hardware_config": {
        "fpga_family": "Xilinx Zynq",
        "clock_mhz": 100
      }
    }
  ]
}
