{
  "tdln_spec_version": "2.0.0",
  "node_type": "semantic_unit",
  "id": "su_multi_backend_policy",
  "name": "cross_platform_matmul",
  "description": "Matrix multiplication with automatic backend selection",
  "policies": [
    {
      "node_type": "policy_bit",
      "id": "pb_matmul_universal",
      "name": "universal_matmul_1024",
      "description": "1024×1024 matrix multiplication, compiles to any backend",
      "condition": {
        "type": "semantic_op",
        "operation": "MatMul",
        "dimensions": {"m": 1024, "n": 1024, "k": 1024}
      },
      "fallback": false
    }
  ],
  "materialization_hints": {
    "backend": "auto",
    "fallback_backends": ["metal", "cuda", "rocm", "cpu"],
    "optimization_level": 2
  },
  "runtime_selection": {
    "strategy": "fastest_available",
    "benchmark_on_first_run": true,
    "cache_selection": true
  },
  "inputs": [
    {
      "name": "matrix_a",
      "type": "tensor",
      "shape": [1024, 1024],
      "dtype": "float32"
    },
    {
      "name": "matrix_b",
      "type": "tensor",
      "shape": [1024, 1024],
      "dtype": "float32"
    }
  ],
  "outputs": [
    {
      "name": "result",
      "description": "Product matrix A × B",
      "shape": [1024, 1024],
      "dtype": "float32"
    }
  ],
  "metadata": {
    "expected_gflops": {
      "metal_m4_pro": 1200,
      "cuda_rtx_4060": 1400,
      "rocm_rx_7900_xt": 1300,
      "cpu_fallback": 50
    },
    "portability_notes": "Automatically selects best backend at runtime"
  }
}
