{
  "tdln_spec_version": "2.0.0",
  "node_type": "semantic_unit",
  "id": "su_audio_001",
  "name": "audio_loudness_check",
  "description": "Check if audio exceeds loudness threshold using custom LUFS operator",
  "policies": [
    {
      "node_type": "policy_bit",
      "id": "pb_audio_001",
      "name": "check_lufs",
      "description": "Verify LUFS (Loudness Units Full Scale) is within broadcasting limits",
      "condition": {
        "type": "binary",
        "operator": "LT",
        "left": {
          "type": "function_call",
          "function": "audio_compute_lufs",
          "arguments": [
            {
              "type": "context_ref",
              "path": ["audio", "samples"]
            }
          ]
        },
        "right": {
          "type": "literal",
          "value": -14.0
        }
      },
      "fallback": false
    }
  ],
  "inputs": [
    {
      "name": "audio",
      "type": "context",
      "required": true
    }
  ],
  "outputs": [
    {
      "name": "passes_loudness_check",
      "description": "True if audio LUFS is below -14.0 (broadcasting standard)",
      "source_policy": "pb_audio_001"
    }
  ]
}
