{
  "$schema": "../specs/tdln-core-v2.0.schema.json",
  "tdln_version": "2.0.0",
  "id": "audio_fft_example",
  "unit_type": "AudioProcessor",
  "name": "Audio FFT Processor",
  "description": "Exemplo de operador customizado para Fast Fourier Transform em audio",
  "metadata": {
    "domain": "audio_processing",
    "author": "TDLN Community",
    "sample_rate": "44100",
    "fft_size": "1024"
  },
  "expression": {
    "type": "BinaryOp",
    "operator": {
      "Custom": "AudioFFT"
    },
    "left": {
      "type": "Variable",
      "name": "audio_input"
    },
    "right": {
      "type": "Literal",
      "value": {
        "Integer": 1024
      }
    }
  },
  "policies": [
    {
      "id": "policy_audio_fft",
      "name": "audio_fft_validated",
      "description": "Validacao de parametros FFT",
      "expression": {
        "type": "BinaryOp",
        "operator": "And",
        "left": {
          "type": "Literal",
          "value": {
            "Boolean": true
          }
        },
        "right": {
          "type": "Literal",
          "value": {
            "Boolean": true
          }
        }
      },
      "severity": "Error",
      "metadata": {
        "check": "fft_size_is_power_of_2"
      }
    }
  ],
  "dependencies": [],
  "source_hash": "",
  "signature": null
}
