{
  "tdln_spec_version": "2.0.0",
  "node_type": "semantic_unit",
  "id": "su_finance_001",
  "name": "trading_signal_rsi",
  "description": "Generate buy/sell signal based on RSI indicator",
  "policies": [
    {
      "node_type": "policy_bit",
      "id": "pb_rsi_oversold",
      "name": "rsi_oversold",
      "description": "Check if RSI indicates oversold condition (< 30)",
      "condition": {
        "type": "binary",
        "operator": "LT",
        "left": {
          "type": "function_call",
          "function": "compute_rsi",
          "arguments": [
            {
              "type": "context_ref",
              "path": ["prices", "recent_14"]
            }
          ]
        },
        "right": {
          "type": "literal",
          "value": 30.0
        }
      },
      "fallback": false
    },
    {
      "node_type": "policy_bit",
      "id": "pb_rsi_overbought",
      "name": "rsi_overbought",
      "description": "Check if RSI indicates overbought condition (> 70)",
      "condition": {
        "type": "binary",
        "operator": "GT",
        "left": {
          "type": "function_call",
          "function": "compute_rsi",
          "arguments": [
            {
              "type": "context_ref",
              "path": ["prices", "recent_14"]
            }
          ]
        },
        "right": {
          "type": "literal",
          "value": 70.0
        }
      },
      "fallback": false
    }
  ],
  "inputs": [
    {
      "name": "prices",
      "type": "context",
      "required": true,
      "description": "Recent price history for RSI calculation"
    }
  ],
  "outputs": [
    {
      "name": "buy_signal",
      "description": "True when RSI < 30 (oversold)",
      "source_policy": "pb_rsi_oversold"
    },
    {
      "name": "sell_signal",
      "description": "True when RSI > 70 (overbought)",
      "source_policy": "pb_rsi_overbought"
    }
  ]
}
