{
  "tdln_spec_version": "2.0.0",
  "node_type": "semantic_unit",
  "id": "su_blockchain_validator",
  "name": "consensus_validator",
  "description": "ASIC-optimized blockchain consensus validator with cryptographic verification",
  "policies": [
    {
      "node_type": "policy_bit",
      "id": "pb_merkle_verify",
      "name": "merkle_proof_verification",
      "description": "Verify Merkle tree proof for transaction inclusion",
      "condition": {
        "type": "function_call",
        "function": "verify_merkle_proof",
        "arguments": [
          {
            "type": "context_ref",
            "path": ["transaction", "hash"]
          },
          {
            "type": "context_ref",
            "path": ["merkle", "proof"]
          },
          {
            "type": "context_ref",
            "path": ["block", "merkle_root"]
          }
        ]
      },
      "fallback": false
    },
    {
      "node_type": "policy_bit",
      "id": "pb_signature_verify",
      "name": "ed25519_signature_check",
      "description": "Verify Ed25519 signature for transaction authorization",
      "condition": {
        "type": "function_call",
        "function": "verify_ed25519",
        "arguments": [
          {
            "type": "context_ref",
            "path": ["transaction", "data"]
          },
          {
            "type": "context_ref",
            "path": ["transaction", "signature"]
          },
          {
            "type": "context_ref",
            "path": ["signer", "public_key"]
          }
        ]
      },
      "fallback": false
    },
    {
      "node_type": "policy_bit",
      "id": "pb_pow_verify",
      "name": "proof_of_work_validation",
      "description": "Validate proof-of-work meets difficulty target",
      "condition": {
        "type": "binary",
        "operator": "LTE",
        "left": {
          "type": "function_call",
          "function": "sha256_double",
          "arguments": [
            {
              "type": "context_ref",
              "path": ["block", "header"]
            }
          ]
        },
        "right": {
          "type": "context_ref",
          "path": ["network", "difficulty_target"]
        }
      },
      "fallback": false
    }
  ],
  "materialization_hints": {
    "backend": "verilog",
    "target_device": "asic",
    "optimization_level": 3,
    "use_cryptographic_accelerators": true,
    "pipeline_depth": 16
  },
  "inputs": [
    {
      "name": "transaction",
      "type": "context",
      "required": true,
      "description": "Transaction data with signature"
    },
    {
      "name": "block",
      "type": "context",
      "required": true,
      "description": "Block header and metadata"
    },
    {
      "name": "merkle",
      "type": "context",
      "required": true,
      "description": "Merkle proof for transaction"
    },
    {
      "name": "signer",
      "type": "context",
      "required": true,
      "description": "Public key of transaction signer"
    },
    {
      "name": "network",
      "type": "context",
      "required": true,
      "description": "Network consensus parameters"
    }
  ],
  "outputs": [
    {
      "name": "is_valid",
      "description": "True if all validation checks pass",
      "source_policy": "pb_merkle_verify AND pb_signature_verify AND pb_pow_verify"
    }
  ],
  "metadata": {
    "use_case": "Blockchain consensus validator ASIC",
    "expected_throughput_tps": 100000,
    "power_budget_watts": 50,
    "cost_target_usd": 5,
    "security_notes": "Hardware implementation prevents timing attacks and provides constant-time crypto operations"
  }
}
