{
  "tdln_spec_version": "2.0.0",
  "node_type": "semantic_unit",
  "id": "su_iot_sensor_fusion",
  "name": "sensor_fusion_esp32",
  "description": "Custom FPGA logic for IoT multi-sensor data processing and anomaly detection",
  "policies": [
    {
      "node_type": "policy_bit",
      "id": "pb_low_pass_filter",
      "name": "noise_reduction",
      "description": "Apply low-pass filter to remove high-frequency noise from sensor readings",
      "condition": {
        "type": "function_call",
        "function": "low_pass_filter",
        "arguments": [
          {
            "type": "context_ref",
            "path": ["sensor", "raw_signal"]
          },
          {
            "type": "literal",
            "value": 50,
            "description": "Cutoff frequency in Hz"
          }
        ]
      },
      "fallback": false
    },
    {
      "node_type": "policy_bit",
      "id": "pb_fft_analysis",
      "name": "frequency_analysis",
      "description": "Compute FFT for frequency domain analysis of sensor data",
      "condition": {
        "type": "function_call",
        "function": "fft",
        "arguments": [
          {
            "type": "context_ref",
            "path": ["sensor", "filtered_signal"]
          },
          {
            "type": "literal",
            "value": 256,
            "description": "FFT window size"
          }
        ]
      },
      "fallback": false
    },
    {
      "node_type": "policy_bit",
      "id": "pb_threshold_detect",
      "name": "anomaly_detection",
      "description": "Detect anomalies when signal magnitude exceeds threshold",
      "condition": {
        "type": "binary",
        "operator": "GT",
        "left": {
          "type": "function_call",
          "function": "magnitude",
          "arguments": [
            {
              "type": "context_ref",
              "path": ["sensor", "fft_output"]
            }
          ]
        },
        "right": {
          "type": "literal",
          "value": 0.8,
          "description": "Anomaly detection threshold (normalized 0-1)"
        }
      },
      "fallback": false
    },
    {
      "node_type": "policy_bit",
      "id": "pb_multi_sensor_fusion",
      "name": "sensor_correlation",
      "description": "Correlate readings from multiple sensors for enhanced accuracy",
      "condition": {
        "type": "binary",
        "operator": "AND",
        "left": {
          "type": "context_ref",
          "path": ["sensors", "accelerometer", "anomaly"]
        },
        "right": {
          "type": "context_ref",
          "path": ["sensors", "gyroscope", "anomaly"]
        }
      },
      "fallback": false
    }
  ],
  "materialization_hints": {
    "backend": "verilog",
    "target_device": "fpga-lattice-ice40",
    "optimization_level": 2,
    "power_optimization": true,
    "use_dsp_blocks": true,
    "clock_frequency_mhz": 48
  },
  "inputs": [
    {
      "name": "sensor",
      "type": "context",
      "required": true,
      "description": "Real-time sensor data stream"
    },
    {
      "name": "sensors",
      "type": "context",
      "required": false,
      "description": "Multi-sensor array for fusion"
    }
  ],
  "outputs": [
    {
      "name": "anomaly_detected",
      "description": "True if anomaly detected in sensor readings",
      "source_policy": "pb_threshold_detect OR pb_multi_sensor_fusion"
    },
    {
      "name": "processed_signal",
      "description": "Filtered and analyzed sensor data",
      "source_policy": "pb_fft_analysis"
    }
  ],
  "metadata": {
    "use_case": "IoT edge computing for predictive maintenance",
    "power_budget_mw": 50,
    "cost_target_usd": 2,
    "target_platforms": ["ESP32-S3", "ESP32-C6"],
    "energy_savings_vs_cpu": "10x",
    "sampling_rate_hz": 1000,
    "real_world_example": "Vibration monitoring in industrial machinery"
  }
}
