{
  "tdln_spec_version": "2.0.0",
  "node_type": "semantic_unit",
  "id": "su_conv2d_optimization",
  "name": "optimized_convolution_2d",
  "description": "2D convolution with advanced Metal optimizations",
  "policies": [
    {
      "node_type": "policy_bit",
      "id": "pb_conv2d",
      "name": "conv2d_3x3_relu",
      "description": "3×3 convolution with ReLU activation",
      "condition": {
        "type": "semantic_op",
        "operation": "Convolution2D",
        "kernel_size": [3, 3],
        "input_channels": 64,
        "output_channels": 128,
        "activation": "relu"
      },
      "fallback": false
    }
  ],
  "materialization_hints": {
    "backend": "metal",
    "optimization_level": 3,
    "target_device": "apple-m-series",
    "use_tensor_cores": true,
    "memory_layout": "nhwc",
    "threadgroup_size": [16, 16, 1]
  },
  "inputs": [
    {
      "name": "input_image",
      "type": "tensor",
      "shape": [1, 224, 224, 64],
      "dtype": "float16"
    }
  ],
  "outputs": [
    {
      "name": "conv_output",
      "description": "Convolved feature map with ReLU",
      "shape": [1, 224, 224, 128],
      "dtype": "float16"
    }
  ],
  "metadata": {
    "expected_gflops": 450,
    "target_latency_ms": 1.2,
    "optimization_notes": "Uses Metal Performance Shaders (MPS) when available"
  }
}
