{
  "tdln_spec_version": "2.0.0",
  "node_type": "semantic_unit",
  "id": "su_basic_001",
  "name": "basic_admin_check",
  "description": "Simple admin role verification",
  "policies": [
    {
      "node_type": "policy_bit",
      "id": "pb_admin_001",
      "name": "is_admin",
      "description": "Check if user has admin role",
      "condition": {
        "type": "binary",
        "operator": "EQ",
        "left": {
          "type": "context_ref",
          "path": ["user", "role"]
        },
        "right": {
          "type": "literal",
          "value": "admin"
        }
      },
      "fallback": false
    }
  ],
  "inputs": [
    {
      "name": "user",
      "type": "context",
      "required": true
    }
  ],
  "outputs": [
    {
      "name": "allow_access",
      "description": "Whether to grant admin access",
      "source_policy": "pb_admin_001"
    }
  ]
}
