{
  "tdln_spec_version": "2.0.0",
  "node_type": "semantic_unit",
  "id": "su_abc12345-abcd-1234-abcd-1234567890ab",
  "hash": "1234567890abcdef1234567890abcdef1234567890abcdef1234567890abcdef",
  "version": "1.0.0-core",
  "name": "simple_threshold_check",
  "description": "Minimal TDLN for chip compilation - checks if value > 100",
  
  "policies": [
    {
      "node_type": "policy_bit",
      "id": "pb_threshold_100",
      "hash": "567890abcdef1234567890abcdef1234567890abcdef1234567890abcdef1234",
      "name": "above_threshold",
      "condition": {
        "type": "binary",
        "operator": "GT",
        "left": {
          "type": "context_ref",
          "path": ["input", "value"]
        },
        "right": {
          "type": "literal",
          "value": 100
        }
      },
      "fallback": false
    }
  ],
  
  "outputs": [
    {
      "name": "threshold_exceeded",
      "source_policy": "pb_threshold_100"
    }
  ],
  
  "materialization": {
    "target": "metal",
    "optimization_level": 3,
    "semantic_ops": [
      {
        "type": "PolicyEval",
        "params": {
          "operation": "comparison",
          "comparison_type": "greater_than",
          "threshold": 100
        }
      }
    ],
    "performance_hints": {
      "estimated_gflops": 0.001,
      "estimated_latency_ms": 0.00002,
      "memory_footprint_mb": 0.1
    },
    "integrity": {
      "enabled": true,
      "checksum_algorithm": "crc32"
    }
  }
}
