{
  "tdln_spec_version": "2.0.0",
  "node_type": "semantic_unit",
  "id": "su_550e8400-e29b-41d4-a716-446655440000",
  "hash": "a1b2c3d4e5f67890abcdef1234567890abcdef1234567890abcdef1234567890",
  "version": "1.0.0-core",
  "name": "premium_user_access",
  "description": "Controls access for premium users with active subscriptions",
  
  "parameters": [
    {
      "name": "user_context",
      "type": "context",
      "required": true
    }
  ],
  
  "policies": [
    {
      "node_type": "policy_bit",
      "id": "pb_12345678-1234-1234-1234-123456789012",
      "hash": "d4e5f67890a1b2c3d4e5f67890a1b2c3d4e5f67890a1b2c3d4e5f67890a1b2c3",
      "version": "1.0.0-policybit",
      "name": "is_premium_user",
      "description": "Checks if user has premium account type",
      "condition": {
        "type": "binary",
        "operator": "EQ",
        "left": {
          "type": "context_ref",
          "path": ["user", "account_type"]
        },
        "right": {
          "type": "literal",
          "value": "premium"
        }
      },
      "fallback": false
    },
    {
      "node_type": "policy_bit",
      "id": "pb_23456789-2345-2345-2345-234567890123",
      "hash": "e5f67890a1b2c3d4e5f67890a1b2c3d4e5f67890a1b2c3d4e5f67890a1b2c3d4",
      "version": "1.0.0-policybit",
      "name": "subscription_active",
      "description": "Verifies subscription is currently active",
      "condition": {
        "type": "binary",
        "operator": "AND",
        "left": {
          "type": "function_call",
          "function": "exists",
          "arguments": [
            {
              "type": "context_ref",
              "path": ["user", "subscription", "status"]
            }
          ]
        },
        "right": {
          "type": "binary",
          "operator": "EQ",
          "left": {
            "type": "context_ref",
            "path": ["user", "subscription", "status"]
          },
          "right": {
            "type": "literal",
            "value": "active"
          }
        }
      },
      "fallback": false
    },
    {
      "node_type": "policy_composition",
      "id": "pc_34567890-3456-3456-3456-345678901234",
      "hash": "f67890a1b2c3d4e5f67890a1b2c3d4e5f67890a1b2c3d4e5f67890a1b2c3d4e5",
      "version": "1.0.0-composition",
      "name": "grant_access",
      "description": "Grant access if both premium AND subscription active",
      "composition_type": "PARALLEL",
      "policies": [
        "pb_12345678-1234-1234-1234-123456789012",
        "pb_23456789-2345-2345-2345-234567890123"
      ],
      "aggregator": {
        "type": "ALL"
      }
    }
  ],
  
  "outputs": [
    {
      "name": "access_granted",
      "description": "True if user should be granted access",
      "source_policy": "pc_34567890-3456-3456-3456-345678901234"
    }
  ],
  
  "proof": {
    "proof_type": "translation",
    "source_text": "Allow access for premium users with active subscriptions",
    "source_hash": "abc123def456789abc123def456789abc123def456789abc123def456789abc1",
    "target_core_hash": "a1b2c3d4e5f67890abcdef1234567890abcdef1234567890abcdef1234567890",
    "translation_steps": [
      {
        "sequence": 1,
        "transformation": "parse_natural_language",
        "input_hash": "abc123def456789abc123def456789abc123def456789abc123def456789abc1",
        "output_hash": "bcd234ef567890abcd234ef567890abcd234ef567890abcd234ef567890abcd",
        "rule_applied": "en_US.grammar.access_control",
        "details": {
          "extracted_entities": ["premium users", "active subscriptions"],
          "extracted_conditions": ["account_type == premium", "subscription.status == active"]
        }
      },
      {
        "sequence": 2,
        "transformation": "assist_canonicalization",
        "input_hash": "bcd234ef567890abcd234ef567890abcd234ef567890abcd234ef567890abcd",
        "output_hash": "cde345f6789abcde345f6789abcde345f6789abcde345f6789abcde345f6789",
        "rule_applied": "normalize_boolean_logic",
        "details": {
          "normalization": "AND(is_premium, is_active)"
        }
      },
      {
        "sequence": 3,
        "transformation": "resolve_to_core",
        "input_hash": "cde345f6789abcde345f6789abcde345f6789abcde345f6789abcde345f6789",
        "output_hash": "a1b2c3d4e5f67890abcdef1234567890abcdef1234567890abcdef1234567890",
        "rule_applied": "policy_bit_expansion",
        "details": {
          "created_policies": ["pb_12345678...", "pb_23456789...", "pc_34567890..."]
        }
      }
    ],
    "canonicalization_config": {
      "grammar_version": "1.0.0",
      "policy_library_version": "1.2.3",
      "hash_algorithm": "blake3"
    },
    "timestamp": "2025-01-15T10:30:00Z",
    "signature": "ed25519:1a2b3c4d5e6f7890abcdef..."
  }
}
