{
  "tdln_spec_version": "2.0.0",
  "node_type": "semantic_unit",
  "id": "su_integration_python_001",
  "name": "python_policy_evaluator",
  "description": "Example of TDLN integration with Python via FFI",
  "policies": [
    {
      "node_type": "policy_bit",
      "id": "pb_python_001",
      "name": "age_verification",
      "description": "Verify user is above minimum age",
      "condition": {
        "type": "binary",
        "operator": "GTE",
        "left": {
          "type": "context_ref",
          "path": ["user", "age"]
        },
        "right": {
          "type": "literal",
          "value": 18
        }
      },
      "fallback": false
    }
  ],
  "inputs": [
    {
      "name": "user",
      "type": "context",
      "required": true
    }
  ],
  "outputs": [
    {
      "name": "is_adult",
      "description": "True if user is 18 or older",
      "source_policy": "pb_python_001"
    }
  ],
  "metadata": {
    "integration": "python",
    "binding_type": "pyo3",
    "export_name": "evaluate_age_policy"
  }
}
